{"text": " So, supervised learning algorithms learn to predict input-output or x-to-y mappings. And in the last video, you saw that regression algorithms, which is a type of supervised learning algorithm, learns to predict numbers out of infinitely many possible numbers. There"s a second major type of supervised learning algorithm called a classification algorithm. Let"s take a look at what this means.", "segments": [
        {"id": 0, "seek": 0, "start": 0.0, "end": 9.36, "text": " So, supervised learning algorithms learn to predict input-output or x-to-y mappings.", "tokens": [
                50364,
                407,
                11,
                46533,
                2539,
                14642,
                1466,
                281,
                6069,
                4846,
                12,
                346,
                2582,
                420,
                2031,
                12,
                1353,
                12,
                88,
                463,
                28968,
                13,
                50832
            ], "temperature": 0.0, "avg_logprob": -0.28562139428180194, "compression_ratio": 1.8073394495412844, "no_speech_prob": 0.0006663679960183799
        },
        {"id": 1, "seek": 0, "start": 9.36, "end": 14.200000000000001, "text": " And in the last video, you saw that regression algorithms, which is a type of supervised", "tokens": [
                50832,
                400,
                294,
                264,
                1036,
                960,
                11,
                291,
                1866,
                300,
                24590,
                14642,
                11,
                597,
                307,
                257,
                2010,
                295,
                46533,
                51074
            ], "temperature": 0.0, "avg_logprob": -0.28562139428180194, "compression_ratio": 1.8073394495412844, "no_speech_prob": 0.0006663679960183799
        },
        {"id": 2, "seek": 0, "start": 14.200000000000001, "end": 20.400000000000002, "text": " learning algorithm, learns to predict numbers out of infinitely many possible numbers.", "tokens": [
                51074,
                2539,
                9284,
                11,
                27152,
                281,
                6069,
                3547,
                484,
                295,
                36227,
                867,
                1944,
                3547,
                13,
                51384
            ], "temperature": 0.0, "avg_logprob": -0.28562139428180194, "compression_ratio": 1.8073394495412844, "no_speech_prob": 0.0006663679960183799
        },
        {"id": 3, "seek": 0, "start": 20.400000000000002, "end": 24.84, "text": " There"s a second major type of supervised learning algorithm called a classification", "tokens": [
                51384,
                821,
                311,
                257,
                1150,
                2563,
                2010,
                295,
                46533,
                2539,
                9284,
                1219,
                257,
                21538,
                51606
            ], "temperature": 0.0, "avg_logprob": -0.28562139428180194, "compression_ratio": 1.8073394495412844, "no_speech_prob": 0.0006663679960183799
        },
        {"id": 4, "seek": 0, "start": 24.84, "end": 25.84, "text": " algorithm.", "tokens": [
                51606,
                9284,
                13,
                51656
            ], "temperature": 0.0, "avg_logprob": -0.28562139428180194, "compression_ratio": 1.8073394495412844, "no_speech_prob": 0.0006663679960183799
        },
        {"id": 5, "seek": 0, "start": 25.84, "end": 29.240000000000002, "text": " Let"s take a look at what this means.", "tokens": [
                51656,
                961,
                311,
                747,
                257,
                574,
                412,
                437,
                341,
                1355,
                13,
                51826
            ], "temperature": 0.0, "avg_logprob": -0.28562139428180194, "compression_ratio": 1.8073394495412844, "no_speech_prob": 0.0006663679960183799
        }
    ], "language": "en"
}